{"cameraMode":{"drawMode":0,"name":"Shaded","section":"Shading Mode"},"sceneLighting":true,"audioPlay":false,"sceneViewState":{"showFog":false,"showMaterialUpdate":false,"showSkybox":false,"showFlares":false,"showImageEffects":false,"showParticleSystems":true},"in2DMode":false,"pivot":{"x":-0.8711572289466858,"y":0.2900083065032959,"z":-1.9696193933486939},"rotation":{"x":0.11046796292066574,"y":-0.8849707245826721,"z":0.36409565806388857,"w":0.268537700176239},"size":2.0708072185516359,"orthographic":false}