{"cameraMode":{"drawMode":0,"name":"Shaded","section":"Shading Mode"},"sceneLighting":true,"audioPlay":false,"sceneViewState":{"showFog":false,"showMaterialUpdate":false,"showSkybox":false,"showFlares":false,"showImageEffects":false,"showParticleSystems":true},"in2DMode":false,"pivot":{"x":-0.7645320892333984,"y":11.681230545043946,"z":1.2538387775421143},"rotation":{"x":-0.22302642464637757,"y":-0.5362610816955566,"z":0.1494637131690979,"w":-0.800226092338562},"size":5.316206932067871,"orthographic":false}