{"cameraMode":{"drawMode":0,"name":"Shaded","section":"Shading Mode"},"sceneLighting":true,"audioPlay":false,"sceneViewState":{"showFog":false,"showMaterialUpdate":false,"showSkybox":false,"showFlares":false,"showImageEffects":false,"showParticleSystems":true},"in2DMode":false,"pivot":{"x":3.4469892978668215,"y":4.766628742218018,"z":2.9463717937469484},"rotation":{"x":-0.007031617686152458,"y":-0.9536697268486023,"z":0.3000370264053345,"w":-0.022309908643364908},"size":1.527874231338501,"orthographic":false}