{"cameraMode":{"drawMode":0,"name":"Shaded","section":"Shading Mode"},"sceneLighting":true,"audioPlay":false,"sceneViewState":{"showFog":false,"showMaterialUpdate":false,"showSkybox":false,"showFlares":false,"showImageEffects":false,"showParticleSystems":true},"in2DMode":false,"pivot":{"x":370.0312805175781,"y":564.8510131835938,"z":84.3402099609375},"rotation":{"x":-0.08888117969036102,"y":-0.1688886284828186,"z":0.015294190496206284,"w":-0.981504499912262},"size":434.13323974609377,"orthographic":false}