{"cameraMode":{"drawMode":0,"name":"Shaded","section":"Shading Mode"},"sceneLighting":true,"audioPlay":false,"sceneViewState":{"showFog":false,"showMaterialUpdate":false,"showSkybox":false,"showFlares":false,"showImageEffects":false,"showParticleSystems":true},"in2DMode":false,"pivot":{"x":534.409912109375,"y":523.3402709960938,"z":-649.9630737304688},"rotation":{"x":-0.3136748969554901,"y":-0.110196553170681,"z":0.03668082132935524,"w":-0.9424094557762146},"size":50.96860122680664,"orthographic":false}