{"cameraMode":{"drawMode":0,"name":"Shaded","section":"Shading Mode"},"sceneLighting":true,"audioPlay":false,"sceneViewState":{"showFog":false,"showMaterialUpdate":false,"showSkybox":false,"showFlares":false,"showImageEffects":false,"showParticleSystems":true},"in2DMode":false,"pivot":{"x":-5.928056716918945,"y":-4.614340782165527,"z":4.451902389526367},"rotation":{"x":0.28347811102867129,"y":-0.5235015153884888,"z":0.19010145962238313,"w":0.7807069420814514},"size":10.832064628601075,"orthographic":false}