{"cameraMode":{"drawMode":0,"name":"Shaded","section":"Shading Mode"},"sceneLighting":true,"audioPlay":false,"sceneViewState":{"showFog":false,"showMaterialUpdate":false,"showSkybox":false,"showFlares":false,"showImageEffects":false,"showParticleSystems":true},"in2DMode":false,"pivot":{"x":0.000004539689143712167,"y":0.49586495757102969,"z":-0.00000600089697400108},"rotation":{"x":-0.28543347120285036,"y":-0.0465429313480854,"z":0.013880600221455098,"w":-0.9571670889854431},"size":1.6363543272018433,"orthographic":false}